{
  "id": 7,
  "title": "Fantastic Beasts: The Crime of Grindelwald",
  "overview": "Gellert Grindelwald has escaped imprisonment and has begun gathering followers to his cause—elevating wizards above all non-magical beings. The only one capable of putting a stop to him is the wizard he once called his closest friend, Albus Dumbledore. However, Dumbledore will need to seek help from the wizard who had thwarted Grindelwald once before, his former student Newt Scamander, who agrees to help, unaware of the dangers that lie ahead. Lines are drawn as love and loyalty are tested, even among the truest friends and family, in an increasingly divided wizarding world.",
  "release_date": "16/11/2018",
  "director": "David Yates",
  "genre": "Adventure, Fantasy, Family",
  "image": "https://image.tmdb.org/t/p/w600_and_h900_bestv2/uyJgTzAsp3Za2TaPiZt2yaKYRIR.jpg"
}