{
  "id": 4,
  "title": "Bohemian Rhapsody",
  "overview": "Singer Freddie Mercury, guitarist Brian May, drummer Roger Taylor and bass guitarist John Deacon take the music world by storm when they form the rock 'n' roll band Queen in 1970. Hit songs become instant classics. When Mercury's increasingly wild lifestyle starts to spiral out of control, Queen soon faces its greatest challenge yet – finding a way to keep the band together amid the success and excess.",
  "release_date": "02/11/2018",
  "director": "Bryan Singer",
  "genre": "Drama, Music",
  "image": "https://image.tmdb.org/t/p/w600_and_h900_bestv2/lHu1wtNaczFPGFDTrjCSzeLPTKN.jpg"
}