{
  "id": 2,
  "title": "Alita: Battle Angel",
  "overview": "When Alita awakens with no memory of who she is in a future world she does not recognize, she is taken in by Ido, a compassionate doctor who realizes that somewhere in this abandoned cyborg shell is the heart and soul of a young woman with an extraordinary past.",
  "release_date": "14/02/2019",
  "director": "Robert Rodriguez",
  "genre": "Action, Science Fiction, Adventure",
  "image": "https://image.tmdb.org/t/p/w600_and_h900_bestv2/xRWht48C2V8XNfzvPehyClOvDni.jpg"
}