{
  "id": 5,
  "title": "Cold Pursuit",
  "overview": "The quiet family life of Nels Coxman, a snowplow driver, is upended after his son's murder. Nels begins a vengeful hunt for Viking, the drug lord he holds responsible for the killing, eliminating Viking's associates one by one. As Nels draws closer to Viking, his actions bring even more unexpected and violent consequences, as he proves that revenge is all in the execution.",
  "release_date": "08/02/2019",
  "director": "Hans Petter Moland",
  "genre": "Action, Crime, Thriller",
  "image": "https://image.tmdb.org/t/p/w600_and_h900_bestv2/hXgmWPd1SuujRZ4QnKLzrj79PAw.jpg"
}