{
  "movie": [
    {
      "id": 1,
      "title": "A Star is Born",
      "overview": "Seasoned musician Jackson Maine discovers — and falls in love with — struggling artist Ally. She has just about given up on her dream to make it big as a singer — until Jack coaxes her into the spotlight. But even as Ally's career takes off, the personal side of their relationship is breaking down, as Jack fights an ongoing battle with his own internal demons.",
      "release_date": "05/10/2018",
      "director": "Bradley Cooper",
      "genre": "Drama, Romance, Music",
      "image": "https://image.tmdb.org/t/p/w600_and_h900_bestv2/wrFpXMNBRj2PBiN4Z5kix51XaIZ.jpg"
    },
    {
      "id": 2,
      "title": "Alita: Battle Angel",
      "overview": "When Alita awakens with no memory of who she is in a future world she does not recognize, she is taken in by Ido, a compassionate doctor who realizes that somewhere in this abandoned cyborg shell is the heart and soul of a young woman with an extraordinary past.",
      "release_date": "14/02/2019",
      "director": "Robert Rodriguez",
      "genre": "Action, Science Fiction, Adventure",
      "image": "https://image.tmdb.org/t/p/w600_and_h900_bestv2/xRWht48C2V8XNfzvPehyClOvDni.jpg"
    },
    {
      "id": 3,
      "title": "Aquaman",
      "overview": "Once home to the most advanced civilization on Earth, Atlantis is now an underwater kingdom ruled by the power-hungry King Orm. With a vast army at his disposal, Orm plans to conquer the remaining oceanic people and then the surface world. Standing in his way is Arthur Curry, Orm's half-human, half-Atlantean brother and true heir to the throne.",
      "release_date": "21/12/2018",
      "director": "James Wan",
      "genre": "Action, Adventure, Fantasy",
      "image": "https://image.tmdb.org/t/p/w600_and_h900_bestv2/5Kg76ldv7VxeX9YlcQXiowHgdX6.jpg"
    },
    {
      "id": 4,
      "title": "Bohemian Rhapsody",
      "overview": "Singer Freddie Mercury, guitarist Brian May, drummer Roger Taylor and bass guitarist John Deacon take the music world by storm when they form the rock 'n' roll band Queen in 1970. Hit songs become instant classics. When Mercury's increasingly wild lifestyle starts to spiral out of control, Queen soon faces its greatest challenge yet – finding a way to keep the band together amid the success and excess.",
      "release_date": "02/11/2018",
      "director": "Bryan Singer",
      "genre": "Drama, Music",
      "image": "https://image.tmdb.org/t/p/w600_and_h900_bestv2/lHu1wtNaczFPGFDTrjCSzeLPTKN.jpg"
    },
    {
      "id": 5,
      "title": "Cold Pursuit",
      "overview": "The quiet family life of Nels Coxman, a snowplow driver, is upended after his son's murder. Nels begins a vengeful hunt for Viking, the drug lord he holds responsible for the killing, eliminating Viking's associates one by one. As Nels draws closer to Viking, his actions bring even more unexpected and violent consequences, as he proves that revenge is all in the execution.",
      "release_date": "08/02/2019",
      "director": "Hans Petter Moland",
      "genre": "Action, Crime, Thriller",
      "image": "https://image.tmdb.org/t/p/w600_and_h900_bestv2/hXgmWPd1SuujRZ4QnKLzrj79PAw.jpg"
    },
    {
      "id": 6,
      "title": "Creed II",
      "overview": "Between personal obligations and training for his next big fight against an opponent with ties to his family's past, Adonis Creed is up against the challenge of his life.",
      "release_date": "21/11/2018",
      "director": "Steven Caple Jr.",
      "genre": "Drama",
      "image": "https://image.tmdb.org/t/p/w600_and_h900_bestv2/v3QyboWRoA4O9RbcsqH8tJMe8EB.jpg"
    },
    {
      "id": 7,
      "title": "Fantastic Beasts: The Crime of Grindelwald",
      "overview": "Gellert Grindelwald has escaped imprisonment and has begun gathering followers to his cause—elevating wizards above all non-magical beings. The only one capable of putting a stop to him is the wizard he once called his closest friend, Albus Dumbledore. However, Dumbledore will need to seek help from the wizard who had thwarted Grindelwald once before, his former student Newt Scamander, who agrees to help, unaware of the dangers that lie ahead. Lines are drawn as love and loyalty are tested, even among the truest friends and family, in an increasingly divided wizarding world.",
      "release_date": "16/11/2018",
      "director": "David Yates",
      "genre": "Adventure, Fantasy, Family",
      "image": "https://image.tmdb.org/t/p/w600_and_h900_bestv2/uyJgTzAsp3Za2TaPiZt2yaKYRIR.jpg"
    },
    {
      "id": 8,
      "title": "Glass",
      "overview": "In a series of escalating encounters, former security guard David Dunn uses his supernatural abilities to track Kevin Wendell Crumb, a disturbed man who has twenty-four personalities. Meanwhile, the shadowy presence of Elijah Price emerges as an orchestrator who holds secrets critical to both men.",
      "release_date": "18/01/2019",
      "director": "M. Night Shyamalan",
      "genre": "Thriller, Drama, Science Fiction",
      "image": "https://image.tmdb.org/t/p/w600_and_h900_bestv2/svIDTNUoajS8dLEo7EosxvyAsgJ.jpg"
    },
    {
      "id": 9,
      "title": "How to Train Your Dragon: The Hidden World",
      "overview": "As Hiccup fulfills his dream of creating a peaceful dragon utopia, Toothless’ discovery of an untamed, elusive mate draws the Night Fury away. When danger mounts at home and Hiccup’s reign as village chief is tested, both dragon and rider must make impossible decisions to save their kind.",
      "release_date": "22/02/2019",
      "director": "Dean DeBlois",
      "genre": "Animation, Family, Adventure",
      "image": "https://image.tmdb.org/t/p/w600_and_h900_bestv2/ij0xoc13hGhrYIlXGGuPXWTh3vi.jpg"
    },
    {
      "id": 10,
      "title": "Avengers: Infinity War",
      "overview": "As the Avengers and their allies have continued to protect the world from threats too large for any one hero to handle, a new danger has emerged from the cosmic shadows: Thanos. A despot of intergalactic infamy, his goal is to collect all six Infinity Stones, artifacts of unimaginable power, and use them to inflict his twisted will on all of reality. Everything the Avengers have fought for has led up to this moment - the fate of Earth and existence itself has never been more uncertain.",
      "release_date": "27/04/2018",
      "director": "Joe Russo",
      "genre": "Adventure, Action, Science Fiction",
      "image": "https://image.tmdb.org/t/p/w600_and_h900_bestv2/7WsyChQLEftFiDOVTGkv3hFpyyt.jpg"
    }
  ]
}