{
  "id": 9,
  "title": "How to Train Your Dragon: The Hidden World",
  "overview": "As Hiccup fulfills his dream of creating a peaceful dragon utopia, Toothless’ discovery of an untamed, elusive mate draws the Night Fury away. When danger mounts at home and Hiccup’s reign as village chief is tested, both dragon and rider must make impossible decisions to save their kind.",
  "release_date": "22/02/2019",
  "director": "Dean DeBlois",
  "genre": "Animation, Family, Adventure",
  "image": "https://image.tmdb.org/t/p/w600_and_h900_bestv2/ij0xoc13hGhrYIlXGGuPXWTh3vi.jpg"
}