{
  "id": 1,
  "title": "A Star is Born",
  "overview": "Seasoned musician Jackson Maine discovers — and falls in love with — struggling artist Ally. She has just about given up on her dream to make it big as a singer — until Jack coaxes her into the spotlight. But even as Ally's career takes off, the personal side of their relationship is breaking down, as Jack fights an ongoing battle with his own internal demons.",
  "release_date": "05/10/2018",
  "director": "Bradley Cooper",
  "genre": "Drama, Romance, Music",
  "image": "https://image.tmdb.org/t/p/w600_and_h900_bestv2/wrFpXMNBRj2PBiN4Z5kix51XaIZ.jpg"
}