{
  "id": 8,
  "title": "Glass",
  "overview": "In a series of escalating encounters, former security guard David Dunn uses his supernatural abilities to track Kevin Wendell Crumb, a disturbed man who has twenty-four personalities. Meanwhile, the shadowy presence of Elijah Price emerges as an orchestrator who holds secrets critical to both men.",
  "release_date": "18/01/2019",
  "director": "M. Night Shyamalan",
  "genre": "Thriller, Drama, Science Fiction",
  "image": "https://image.tmdb.org/t/p/w600_and_h900_bestv2/svIDTNUoajS8dLEo7EosxvyAsgJ.jpg"
}