{
  "id": 3,
  "title": "Dragon Ball",
  "overview": "Long ago in the mountains, a fighting master known as Gohan discovered a strange boy whom he named Goku. Gohan raised him and trained Goku in martial arts until he died. The young and very strong boy was on his own, but easily managed. Then one day, Goku met a teenage girl named Bulma, whose search for the mystical Dragon Balls brought her to Goku's home. Together, they set off to find all seven and to grant her wish.",
  "release_date": "26/02/1986",
  "creator": "Akira Toriyama",
  "genre": "Comedy, Sci-Fi & Fantasy, Animation, Action & Adventure",
  "image": "https://image.tmdb.org/t/p/w600_and_h900_bestv2/y1OdtgB2HhZqPwzcAldXZy7dymB.jpg"
}