{
      "id": 4,
      "title": "Fairy Tail x Rave",
      "overview": "In this crossover between two popular series, Fairy Tail x Rave follows the two groups as they discover their similarities with each other. As the miscommunications add up, they are pitted against one another in a heated clash of powers, but will have to work together against a common foe.",
      "release_date": "03/02/2013",
      "creator": "Shinji Ishihira",
      "genre": "Animation, Action, Comedy",
      "image": "https://image.tmdb.org/t/p/w600_and_h900_bestv2/5QHj5lrF86pEbeCV9r9tsTPWYy5.jpg"
}