{
  "tvShow": [
    {
      "id": 1,
      "title": "Arrow",
      "overview": "Spoiled billionaire playboy Oliver Queen is missing and presumed dead when his yacht is lost at sea. He returns five years later a changed man, determined to clean up the city as a hooded vigilante armed with a bow.",
      "release_date": "10/10/2012",
      "creator": "Greg Berlanti",
      "genre": "Crime, Drama, Mystery, Action & Adventure",
      "image": "https://image.tmdb.org/t/p/w600_and_h900_bestv2/gKG5QGz5Ngf8fgWpBsWtlg5L2SF.jpg"
    },
    {
      "id": 2,
      "title": "Doom Patrol",
      "overview": "The Doom Patrol’s members each suffered horrible accidents that gave them superhuman abilities — but also left them scarred and disfigured. Traumatized and downtrodden, the team found purpose through The Chief, who brought them together to investigate the weirdest phenomena in existence — and to protect Earth from what they find.",
      "release_date": "15/02/2019",
      "creator": "Jeremy Carver",
      "genre": "Sci-Fi & Fantasy, Action & Adventure",
      "image": "https://image.tmdb.org/t/p/w600_and_h900_bestv2/nVN7Dt0Xr78gnJepRsRLaLYklbY.jpg"
    },
    {
      "id": 3,
      "title": "Dragon Ball",
      "overview": "Long ago in the mountains, a fighting master known as Gohan discovered a strange boy whom he named Goku. Gohan raised him and trained Goku in martial arts until he died. The young and very strong boy was on his own, but easily managed. Then one day, Goku met a teenage girl named Bulma, whose search for the mystical Dragon Balls brought her to Goku's home. Together, they set off to find all seven and to grant her wish.",
      "release_date": "26/02/1986",
      "creator": "Akira Toriyama",
      "genre": "Comedy, Sci-Fi & Fantasy, Animation, Action & Adventure",
      "image": "https://image.tmdb.org/t/p/w600_and_h900_bestv2/y1OdtgB2HhZqPwzcAldXZy7dymB.jpg"
    },
    {
      "id": 4,
      "title": "Fairy Tail x Rave",
      "overview": "In this crossover between two popular series, Fairy Tail x Rave follows the two groups as they discover their similarities with each other. As the miscommunications add up, they are pitted against one another in a heated clash of powers, but will have to work together against a common foe.",
      "release_date": "03/02/2013",
      "creator": "Shinji Ishihira",
      "genre": "Animation, Action, Comedy",
      "image": "https://image.tmdb.org/t/p/w600_and_h900_bestv2/5QHj5lrF86pEbeCV9r9tsTPWYy5.jpg"
    },
    {
      "id": 5,
      "title": "Family Guy",
      "overview": "Sick, twisted, politically incorrect and Freakin' Sweet animated series featuring the adventures of the dysfunctional Griffin family. Bumbling Peter and long-suffering Lois have three kids. Stewie (a brilliant but sadistic baby bent on killing his mother and taking over the world), Meg (the oldest, and is the most unpopular girl in town) and Chris (the middle kid, he's not very bright but has a passion for movies). The final member of the family is Brian - a talking dog and much more than a pet, he keeps Stewie in check whilst sipping Martinis and sorting through his own life issues.",
      "release_date": "31/01/1999",
      "creator": "Seth MacFarlane",
      "genre": "Animation, Comedy",
      "image": "https://image.tmdb.org/t/p/w600_and_h900_bestv2/q3E71oY6qgAEiw6YZIHDlHSLwer.jpg"
    },
    {
      "id": 6,
      "title": "The Flash",
      "overview": "After a particle accelerator causes a freak storm, CSI Investigator Barry Allen is struck by lightning and falls into a coma. Months later he awakens with the power of super speed, granting him the ability to move through Central City like an unseen guardian angel. Though initially excited by his newfound powers, Barry is shocked to discover he is not the only \"meta-human\" who was created in the wake of the accelerator explosion -- and not everyone is using their new powers for good. Barry partners with S.T.A.R. Labs and dedicates his life to protect the innocent. For now, only a few close friends and associates know that Barry is literally the fastest man alive, but it won't be long before the world learns what Barry Allen has become...The Flash.",
      "release_date": "07/10/2014",
      "creator": "Greg Berlanti",
      "genre": "Drama, Sci-Fi & Fantasy",
      "image": "https://image.tmdb.org/t/p/w600_and_h900_bestv2/wHa6KOJAoNTFLFtp7wguUJKSnju.jpg"
    },
    {
      "id": 7,
      "title": "Gotham",
      "overview": "Everyone knows the name Commissioner Gordon. He is one of the crime world's greatest foes, a man whose reputation is synonymous with law and order. But what is known of Gordon's story and his rise from rookie detective to Police Commissioner? What did it take to navigate the multiple layers of corruption that secretly ruled Gotham City, the spawning ground of the world's most iconic villains? And what circumstances created them – the larger-than-life personas who would become Catwoman, The Penguin, The Riddler, Two-Face and The Joker?",
      "release_date" :"22/09/2014",
      "creator": "Bruno Heller",
      "genre": "Drama, Fantasy, Crime",
      "image": "https://image.tmdb.org/t/p/w600_and_h900_bestv2/4XddcRDtnNjYmLRMYpbrhFxsbuq.jpg"
    },
    {
      "id": 8,
      "title": "Grey's Anatomy",
      "overview": "Follows the personal and professional lives of a group of doctors at Seattle’s Grey Sloan Memorial Hospital.",
      "release_date": "27/03/2005",
      "creator": "Shonda Rhimes",
      "genre": "Drama",
      "image": "https://image.tmdb.org/t/p/w600_and_h900_bestv2/mgOZSS2FFIGtfVeac1buBw3Cx5w.jpg"
    },
    {
      "id": 9,
      "title": "Hanna",
      "overview": "This thriller and coming-of-age drama follows the journey of an extraordinary young girl as she evades the relentless pursuit of an off-book CIA agent and tries to unearth the truth behind who she is. Based on the 2011 Joe Wright film.",
      "release_date": "28/03/2019",
      "creator": "Shonda Rhimes",
      "genre": "Action & Adventure, Drama",
      "image": "https://image.tmdb.org/t/p/w600_and_h900_bestv2/5nSSkcM3TgpllZ7yTyBOQEgAX36.jpg"
    },
    {
      "id": 10,
      "title": "Iron Fist",
      "overview": "Danny Rand resurfaces 15 years after being presumed dead. Now, with the power of the Iron Fist, he seeks to reclaim his past and fulfill his destiny.",
      "release_date": "17/03/2017",
      "creator": "Scott Buck",
      "genre": "Action & Adventure, Drama, Sci-Fi & Fantasy",
      "image": "https://image.tmdb.org/t/p/w600_and_h900_bestv2/4l6KD9HhtD6nCDEfg10Lp6C6zah.jpg"
    }
  ]
}