{
  "id": 2,
  "title": "Doom Patrol",
  "overview": "The Doom Patrol’s members each suffered horrible accidents that gave them superhuman abilities — but also left them scarred and disfigured. Traumatized and downtrodden, the team found purpose through The Chief, who brought them together to investigate the weirdest phenomena in existence — and to protect Earth from what they find.",
  "release_date": "15/02/2019",
  "creator": "Jeremy Carver",
  "genre": "Sci-Fi & Fantasy, Action & Adventure",
  "image": "https://image.tmdb.org/t/p/w600_and_h900_bestv2/nVN7Dt0Xr78gnJepRsRLaLYklbY.jpg"
}